feature,fscore
SEX,0.010228397551050336
MARRIAGE,0.011034937859735309
EDUCATION,0.0208967261795652
PAY_1,0.021629944642006085
PAY_6,0.02522271510796642
CRED_LIMIT,0.06305678776991605
AGE,0.07134215639549804
SUB_1,0.09718810719653921
SUB_4,0.0991677970451296
SUB_2,0.10723320013197932
SUB_5,0.10792975767129816
SUB_3,0.11317226967775049
BILL_AMT1,0.1209810463027459
SUB_0,0.13091615646881988
